sukhada,23487929637,https://api.github.com/users/sukhada
yousabu,23487929676,https://api.github.com/users/yousabu
MathisGD,23487929674,https://api.github.com/users/MathisGD
BR-Junior,23487929661,https://api.github.com/users/BR-Junior
predictcrypto,23487929682,https://api.github.com/users/predictcrypto
kazukimikami,23487929673,https://api.github.com/users/kazukimikami
allcontributors[bot],23487929588,https://api.github.com/users/allcontributors[bot]
github-actions[bot],23487929636,https://api.github.com/users/github-actions[bot]
sozysozbot,23487929580,https://api.github.com/users/sozysozbot
moiify,23487929591,https://api.github.com/users/moiify
Callithrix-omics,23487929533,https://api.github.com/users/Callithrix-omics
datho7561,23487929573,https://api.github.com/users/datho7561
ofzlo,23487929349,https://api.github.com/users/ofzlo
edwardzuniga,23487929578,https://api.github.com/users/edwardzuniga
0xcadams,23487929597,https://api.github.com/users/0xcadams
github-actions[bot],23487929522,https://api.github.com/users/github-actions[bot]
Mahalderk,23487929560,https://api.github.com/users/Mahalderk
markbush,23487929536,https://api.github.com/users/markbush
balena-ci,23487929501,https://api.github.com/users/balena-ci
chengzhong001,23487929523,https://api.github.com/users/chengzhong001
pull[bot],23487929494,https://api.github.com/users/pull[bot]
fathozt,23487929532,https://api.github.com/users/fathozt
ibrahimalangri,23487929508,https://api.github.com/users/ibrahimalangri
InonAngel98,23487929447,https://api.github.com/users/InonAngel98
DmytroKova,23487929496,https://api.github.com/users/DmytroKova
brianway,23487929420,https://api.github.com/users/brianway
github-actions[bot],23487929439,https://api.github.com/users/github-actions[bot]
adamsorbie,23487929452,https://api.github.com/users/adamsorbie
justbecoder,23487929428,https://api.github.com/users/justbecoder
dislbenn,23487929425,https://api.github.com/users/dislbenn
MemsourceTesting,23488007867,https://api.github.com/users/MemsourceTesting
mshodge,23488007871,https://api.github.com/users/mshodge
Shadow1221a,23488007894,https://api.github.com/users/Shadow1221a
Shikharcoder,23488007886,https://api.github.com/users/Shikharcoder
bagantatiana,23488007941,https://api.github.com/users/bagantatiana
kunedev,23488007824,https://api.github.com/users/kunedev
rlwilliams34,23488007819,https://api.github.com/users/rlwilliams34
github-actions[bot],23488007807,https://api.github.com/users/github-actions[bot]
simonkernel,23488007835,https://api.github.com/users/simonkernel
JayaPolanki,23488007809,https://api.github.com/users/JayaPolanki
LombiqBot,23488007842,https://api.github.com/users/LombiqBot
github-actions[bot],23488007844,https://api.github.com/users/github-actions[bot]
iamruveyda,23488007825,https://api.github.com/users/iamruveyda
drmingdrmer,23488007865,https://api.github.com/users/drmingdrmer
khurtwilliams,23488007821,https://api.github.com/users/khurtwilliams
spamalot22,23488007797,https://api.github.com/users/spamalot22
Master-Stroke,23488007810,https://api.github.com/users/Master-Stroke
jaamanu,23488007799,https://api.github.com/users/jaamanu
Robdep818,23488007815,https://api.github.com/users/Robdep818
Xnerro,23488007748,https://api.github.com/users/Xnerro
github-actions[bot],23488007803,https://api.github.com/users/github-actions[bot]
github-actions[bot],23488007753,https://api.github.com/users/github-actions[bot]
DhavalContrivertech,23488007776,https://api.github.com/users/DhavalContrivertech
luceteeun,23488007781,https://api.github.com/users/luceteeun
blackjid,23488007743,https://api.github.com/users/blackjid
alexpassss,23488007745,https://api.github.com/users/alexpassss
tasuku43,23488007751,https://api.github.com/users/tasuku43
github-actions[bot],23488007758,https://api.github.com/users/github-actions[bot]
samirmarey848,23488007754,https://api.github.com/users/samirmarey848
igorbk202,23488007738,https://api.github.com/users/igorbk202
